{
  "Afghanistan": [
    66.02471,
    33.831140000000005
  ],
  "Albania": [
    20.06431,
    41.13929
  ],
  "Algeria": [
    2.67875,
    28.15509
  ],
  "American Samoa": [
    -170.7181,
    -14.30069
  ],
  "Andorra": [
    1.57629,
    42.5453
  ],
  "Angola": [
    17.57284,
    -12.33292
  ],
  "Anguilla": [
    -63.0547,
    18.21482
  ],
  "Antigua and Barbuda": [
    -61.79871,
    17.07767
  ],
  "Argentina": [
    -65.09385999999999,
    -35.18115
  ],
  "Armenia": [
    44.939479999999996,
    40.292640000000006
  ],
  "Aruba": [
    -69.97044,
    12.509139999999999
  ],
  "Australia": [
    134.3597,
    -25.57894
  ],
  "Austria": [
    14.14129,
    47.58709
  ],
  "Azerbaijan": [
    47.6524,
    40.35964
  ],
  "Bahamas": [
    -78.055,
    24.67954
  ],
  "Bahrain": [
    50.56277,
    26.08925
  ],
  "Bangladesh": [
    90.27920999999999,
    23.804879999999997
  ],
  "Barbados": [
    -59.556419999999996,
    13.172220000000001
  ],
  "Belarus": [
    28.05012,
    53.5422
  ],
  "Belgium": [
    4.66057,
    50.64119
  ],
  "Belize": [
    -88.70707,
    17.20055
  ],
  "Benin": [
    2.3395799999999998,
    9.65606
  ],
  "Bermuda": [
    -64.67506,
    32.39096
  ],
  "Bhutan": [
    90.43476,
    27.41688
  ],
  "Bolivia": [
    -64.65779,
    -16.71465
  ],
  "Bonaire": [
    -68.29057,
    12.18554
  ],
  "Bosnia and Herz.": [
    17.78525,
    44.16825
  ],
  "Botswana": [
    23.81454,
    -22.18724
  ],
  "Brazil": [
    -53.06805,
    -10.7768
  ],
  "British Virgin Islands": [
    -64.62605,
    18.42354
  ],
  "Brunei": [
    114.6308,
    4.49691
  ],
  "Bulgaria": [
    25.2387,
    42.757090000000005
  ],
  "Burkina Faso": [
    -1.7441799999999998,
    12.28545
  ],
  "Burundi": [
    29.88819,
    -3.36731
  ],
  "Cape Verde": [
    -23.624670000000002,
    15.08363
  ],
  "Cambodia": [
    104.9168,
    12.71077
  ],
  "Cameroon": [
    12.742339999999999,
    5.69714
  ],
  "Canada": [
    -96.38835,
    62.53604
  ],
  "Cayman Islands": [
    -81.24377,
    19.31852
  ],
  "Central African Rep.": [
    20.48409,
    6.57575
  ],
  "Chad": [
    18.66713,
    15.368429999999998
  ],
  "Chile": [
    -71.21883000000001,
    -35.232009999999995
  ],
  "China": [
    103.7358,
    36.563109999999995
  ],
  "Colombia": [
    -73.07503,
    3.90645
  ],
  "Comoros": [
    43.35422,
    -11.66255
  ],
  "Dem. Rep. Congo": [
    23.65669,
    -2.87855
  ],
  "Costa Rica": [
    -84.19386,
    9.974839999999999
  ],
  "C\u4e48te d'Ivoire": [
    -5.55256,
    7.622839999999999
  ],
  "Croatia": [
    16.4273,
    45.14007
  ],
  "Cuba": [
    -78.96027,
    21.61052
  ],
  "Cura\u83bdao": [
    -68.97065,
    12.19239
  ],
  "Cyprus": [
    32.958909999999996,
    34.91741
  ],
  "Czech Rep.": [
    15.3315,
    49.73911
  ],
  "Denmark": [
    9.33636,
    56.262280000000004
  ],
  "Djibouti": [
    42.57911,
    11.73109
  ],
  "Dominica": [
    -61.350069999999995,
    15.434660000000001
  ],
  "Dominican Rep.": [
    -70.49994000000001,
    18.89733
  ],
  "Ecuador": [
    -78.39721,
    -1.46557
  ],
  "Egypt": [
    29.77688,
    26.578459999999996
  ],
  "El Salvador": [
    -88.8665,
    13.73301
  ],
  "Eq. Guinea": [
    10.46589,
    1.56701
  ],
  "Eritrea": [
    38.84568,
    15.35995
  ],
  "Estonia": [
    25.8387,
    58.68366999999999
  ],
  "Swaziland": [
    31.49812,
    -26.56522
  ],
  "Ethiopia": [
    39.63431,
    8.62248
  ],
  "Falkland Is.": [
    -58.752109999999995,
    -51.745509999999996
  ],
  "Faroe Is.": [
    -7.014639999999999,
    62.134980000000006
  ],
  "Fiji": [
    177.9633,
    -17.83541
  ],
  "Finland": [
    26.283,
    64.51989
  ],
  "France": [
    2.45194,
    46.62184
  ],
  "French Polynesia": [
    -149.401,
    -17.6774
  ],
  "Gabon": [
    11.78153,
    -0.62383
  ],
  "Gaza Strip": [
    34.37689,
    31.40584
  ],
  "Georgia": [
    44.78333,
    41.71666
  ],
  "Germany": [
    10.400689999999999,
    51.121809999999996
  ],
  "Ghana": [
    -1.20761,
    7.9606699999999995
  ],
  "Gibraltar": [
    -5.34863,
    36.13597
  ],
  "Greece": [
    22.571270000000002,
    39.34744
  ],
  "Greenland": [
    -41.39417,
    74.75581
  ],
  "Grenada": [
    -61.68375,
    12.11384
  ],
  "Guadeloupe": [
    -61.583330000000004,
    16.25
  ],
  "Guam": [
    144.7777,
    13.443710000000001
  ],
  "Guatemala": [
    -90.35709,
    15.696110000000001
  ],
  "Guernsey": [
    -2.5796099999999997,
    49.45612
  ],
  "Guinea": [
    -10.93497,
    10.43706
  ],
  "Guinea-Bissau": [
    -14.958,
    12.03769
  ],
  "Guyana": [
    -59.08846,
    4.97839
  ],
  "Haiti": [
    -72.67459000000001,
    18.93352
  ],
  "Honduras": [
    -86.59754000000001,
    14.823820000000001
  ],
  "香港": [
    114.1912,
    22.33308
  ],
  "Hungary": [
    19.41204,
    47.16519
  ],
  "Iceland": [
    -18.5771,
    64.98364000000001
  ],
  "India": [
    79.72700999999999,
    22.49312
  ],
  "Indonesia": [
    113.9972,
    -0.21011999999999997
  ],
  "Iran": [
    54.30367,
    32.56426
  ],
  "Iraq": [
    43.77518,
    33.04443
  ],
  "Ireland": [
    -8.146889999999999,
    53.18499
  ],
  "Isle of Man": [
    -4.53757,
    54.22896
  ],
  "Israel": [
    35.0,
    31.0
  ],
  "Italy": [
    12.162180000000001,
    43.52903
  ],
  "Jamaica": [
    -77.36399999999999,
    18.236
  ],
  "Japan": [
    137.9817,
    36.65334
  ],
  "Jersey": [
    -2.13346,
    49.21141
  ],
  "Jordan": [
    36.7881,
    31.24819
  ],
  "Kazakhstan": [
    67.26608,
    48.160109999999996
  ],
  "Kenya": [
    37.85678,
    0.53703
  ],
  "Kosovo": [
    20.89157,
    42.58149
  ],
  "Kuwait": [
    47.595490000000005,
    29.33588
  ],
  "Kyrgyzstan": [
    74.55565,
    41.46427
  ],
  "Laos PDR": [
    103.76799999999999,
    18.49556
  ],
  "Latvia": [
    24.92746,
    56.85398000000001
  ],
  "Lebanon": [
    35.73729,
    33.92773
  ],
  "Lesotho": [
    28.246879999999997,
    -29.58212
  ],
  "Liberia": [
    -9.31118,
    6.44752
  ],
  "Libya": [
    18.030820000000002,
    27.041829999999997
  ],
  "Liechtenstein": [
    9.55278,
    47.14127
  ],
  "Lithuania": [
    23.88354,
    55.337309999999995
  ],
  "Luxembourg": [
    6.09234,
    49.77682
  ],
  "Macao SAR": [
    113.5886,
    22.145139999999998
  ],
  "Madagascar": [
    46.69585,
    -19.38288
  ],
  "Malawi": [
    34.29305,
    -13.36028
  ],
  "Malaysia": [
    114.7107,
    3.6054699999999995
  ],
  "Maldives": [
    73.54009,
    1.91231
  ],
  "Mali": [
    -3.5248800000000005,
    17.35764
  ],
  "Malta": [
    14.43954,
    35.89056
  ],
  "Mauritania": [
    -10.33194,
    20.25842
  ],
  "Mauritius": [
    57.571819999999995,
    -20.28356
  ],
  "Mayotte": [
    45.16624,
    -12.8275
  ],
  "Mexico": [
    -102.5251,
    23.940620000000003
  ],
  "Moldova": [
    28.46545,
    47.20214
  ],
  "Monaco": [
    7.423310000000001,
    43.736309999999996
  ],
  "Mongolia": [
    103.0676,
    46.83469
  ],
  "Montenegro": [
    19.24898,
    42.7851
  ],
  "Montserrat": [
    -62.189280000000004,
    16.73917
  ],
  "Morocco": [
    -6.2813099999999995,
    31.8414
  ],
  "Mozambique": [
    35.54749,
    -17.2732
  ],
  "Myanmar": [
    96.5192,
    21.18515
  ],
  "Namibia": [
    17.2218,
    -22.13944
  ],
  "Nepal": [
    83.94416,
    28.259140000000002
  ],
  "Netherlands": [
    5.52816,
    52.342259999999996
  ],
  "New Caledonia": [
    165.4899,
    -21.326970000000003
  ],
  "New Zealand": [
    170.5029,
    -43.94764
  ],
  "Nicaragua": [
    -85.03197,
    12.84416
  ],
  "Niger": [
    9.40039,
    17.420579999999998
  ],
  "Nigeria": [
    8.093580000000001,
    9.58545
  ],
  "Macedonia": [
    21.70089,
    41.60046
  ],
  "Northern Mariana Islands": [
    145.7535,
    15.188820000000002
  ],
  "Norway": [
    13.950629999999999,
    64.23893000000001
  ],
  "Oman": [
    56.09808,
    20.56961
  ],
  "Pakistan": [
    68.80183000000001,
    29.3542
  ],